CT Hotel ID,AVERAGE_PRICE_DIFFERENCE
40002,550.5
40005,700
40009,-4133.83333333
40013,320.5
40021,-100
40032,935
40035,-850
40040,350
40046,-3200
40056,-711.666666667
40068,-339
40078,2000
40095,600
40103,1500
40127,1500
40136,723.5
40141,370
40143,1150
40168,-14500
40174,-1900
40176,-3000
40189,-800
40193,466
40200,-500
40203,567.5
40205,-2099
40219,1136.66666667
40223,4489
40224,500
40231,-366.666666667
40232,-500
40247,-300
40250,406.333333333
40257,-600
40265,2222
40270,-1333.33333333
40275,-2666.66666667
40280,-600
40281,634
40289,-400
40292,450
40299,-5000
40316,0.25
40320,228.528571429
40338,-383.666666667
40361,582
40363,1200
40412,11675
40420,2500
40425,600
40432,-2375
40450,-20000
40458,-2206
40461,1345.23809524
40462,250
40468,1000
40478,-4000
40479,-500
40487,4487.75
40488,-12500
40494,1926.56666667
40507,1000
40509,646.666666667
40511,150
40512,-400
40515,2372.5
40520,600
40536,-2000
40549,-1800
40551,-1700
40561,-500
40566,550
40573,1600
40579,125
40585,2955.33333333
40586,739.333333333
40607,-249.5
40618,-1167.0
40633,-1000
40638,-7859.5
40659,600
40663,751.333333333
40682,450
40700,1999.75
40738,333.333333333
40748,-850
40751,-2200
40755,1000
40760,2617.5
40777,-467
40781,350
40809,800
40812,499
40816,-700
40872,-49.5
40886,-506
40888,-1000
40895,750
40948,1550
40949,500
40951,2250
40958,1834.375
40963,266.666666667
40965,660
40977,501
40979,-625
40984,5713.66666667
41024,1000
41030,1000
41033,500
41042,2000
41046,350
41065,-1743.5
41066,-2498
41093,6000
41098,616.666666667
41103,1850
41120,-7200
41123,1033
41136,6388.125
41138,200
41139,2583.33333333
41164,-554.333333333
41166,-2900
41173,-300
41174,-633.333333333
41177,895
41185,732.333333333
41187,551
41196,-500
41200,-2000
41208,-1850.5
41209,-1000
41251,-925
41269,-1750
41279,-1000
41299,-4567
41316,478.333333333
41317,-998.166666667
41320,700
41326,1500
41332,-1500
41344,-1591.66666667
41347,-650
41360,1850
41367,300
41376,1000
41382,-2591
41386,-800
41390,-1466.66666667
41419,300
41435,1200
41451,726.446428571
41479,200
41489,-332
41491,-87.5
41503,4000
41528,1000
41530,-1
41540,749.5
41556,3500
41557,-1800
41560,333.333333333
41572,850
41579,-8280
41588,1041.66666667
41592,2637.5
41604,-398.05
41612,-600
41632,-1600
41634,800
41643,-2000
41645,1430.5
41654,-2000
41682,575
41683,-118.166666667
41694,933.333333333
41695,2100
41710,1166.66666667
41716,-200
41724,-500
41736,-633.333333333
41765,200
41775,704.666666667
41790,718.333333333
41804,-600
41818,231
41826,3875
41836,-450
41868,5000
41872,232.75
41903,781.5
41911,3500
41916,-667
41920,750
41923,499
41932,1100
41935,2000
41938,-300
41963,-711.5
41974,3450.75
41977,300
41982,-192.5
41986,583.333333333
41991,2100
41992,-600
41999,-608
42006,-325
42027,7650.5
42062,-3000
42064,-5300
42088,-433
42092,-999
42095,-1625
42096,-487.5
42104,150
42105,-650
42112,420
42126,-856
42129,-200
42134,-2500
42137,283.333333333
42140,850
42142,-630
42150,330
42152,-200
42157,-400
42183,-1049
42184,-250
42185,2000
42192,1500
42199,1016.66666667
42209,220
42212,850
42219,900
42224,560
42229,433.333333333
42234,-250
42248,-2174.33333333
42249,-550
42262,1000
42269,500
42274,-350
42285,1433.33333333
42286,200
42291,-2500
42310,-450
42321,-1000.33333333
42324,470
42365,-600
42375,-112.5
42378,-300
42385,7500
42396,-2203
42407,-650
42409,-23500
42412,-373
42414,-540
42419,5805.16666667
42422,1101
42430,100
42451,-900
42453,100.333333333
42462,625
42464,200
42471,-300
42490,10
42498,1210
42505,-300
42506,-6666.66666667
42507,-1386.66666667
42518,400
42528,-337.333333333
42548,700
42552,950
42556,-3246.66666667
42559,3500
42560,-701
42564,-500
42616,-750
42654,-548
42671,-400
42672,600
42702,500
42705,-575
42707,-1251
42710,200
42732,-200
42741,820.833333333
42749,-2860.6
42755,353.5
42763,5000
42767,2203.5
42777,-510.333333333
42786,-19166.6666667
42809,1500
42814,700
42817,-1159
42818,575
42830,-103.333333333
42846,2812
42870,1000
42879,-596
42881,9000
42896,-1537.66666667
42898,4204.66666667
42900,6500
42911,-4999
42914,-780
42916,1059.33333333
42927,300
42935,-506
42961,229
43050,-800.5
44605,-600
44624,1500
44629,-1640
44644,-495
44664,4527.66666667
44685,1000
44697,1827.5
44699,-1000
44785,-988.222222222
44797,-5416.66666667
45098,-1858
45102,-1500
45176,1598.5
45196,750
45206,-400
45226,3875
45232,-10000
45260,-2250
46304,-1200
46495,-1366.33333333
46871,272
46872,-500
46897,-375
46899,350
46905,536.5
46928,-566.666666667
46931,700
46984,3500
47050,590
47165,-220.833333333
47425,-600
47427,-1637
47605,-1000
47754,1000
47801,300
47814,1000
47815,2501
47818,-1000
47826,26666.6666667
47842,-1500
47861,-378.771428571
47884,-1013.66666667
47894,12666.6666667
47902,1561
48421,-559
48459,535
48484,-250
50051,-1500
50692,-600
50717,-400
50775,1300
50778,1966.66666667
50786,-574.3
50811,833.333333333
50823,900
50829,-200
50842,2065.625
50862,1550
51285,6201
51413,-1372.5
51425,1500
51586,273.666666667
51605,3800
51725,-400
51755,650
51867,7000
51879,-400
52364,575
52425,-3487.33333333
52435,350
52453,-500
52740,-250
52786,-600
52824,795
79141,1843.33333333
79143,625
79246,330
79284,-1000
79303,-1475
79306,-1000
79325,2500
79327,-500
79370,-1250
79415,300
79645,-594
79660,1050
79736,-518.5
79810,-614
80257,-700
80837,2465.66666667
81703,1604.16666667
81705,-2923.16666667
81724,-1000
81727,550
122897,1025
123007,2750
123152,1760.5
123173,-2333.33333333
123322,-1608.66666667
159019,-600
159152,-1000
159159,2800
159184,900
159209,-1059
159253,1534
159299,-408
159603,-1050
159614,5075.5
159628,3160
159690,1699.66666667
159738,-400
159751,1562.5
159818,-47500
159850,333.666666667
159874,300
159882,550
159893,-1500
159900,1020
160013,-787.5
160065,-300
160093,900
160099,2188.5
160100,2666.66666667
160143,400
160232,401
160238,1500
160318,2950.33333333
160444,-599
160461,-5500
160484,-333.333333333
160665,1374
160667,-747.5
160728,700
160752,2149
161825,3000
161860,-2000
161898,-3125
165450,605.5
165501,-586
165525,-634.0
165623,-550
165627,-310
165636,4333.33333333
165638,-200
165660,133.333333333
165741,1433.33333333
165757,-750
165802,-184
165807,1100
165858,1000
165909,129
165950,200
166001,208.333333333
166017,-349.5
166059,-1005
166060,1985
166164,564
166201,2000
166215,5500
166216,625
166276,1000
166291,-134.5
166347,-13500
168701,1700
170355,-1022
171004,700
171208,-3208.33333333
171240,783.333333333
171301,302.5
171317,1500
171341,-1350
171354,200
171356,-300
171416,-300
171420,-350
171525,500
171642,-100
171721,-8332.83333333
172427,11499.5
172434,3126
172445,10000
172530,-300
172541,400
183162,1600
201192,1000
204780,658
206560,201
206585,-2600
206693,-501
206735,6000
206788,3000
206940,-300
207000,-1500
207080,-6216.5
207280,537
207340,550
210901,5000
210940,749.5
210941,-1213
211063,-1200
211081,350
211120,900
211131,1260
211154,-17500
211191,99
211214,416.666666667
211231,2500
211234,-300
211288,3000
211306,-1000
211310,-556.5
211318,583.333333333
211357,440
211362,400
211430,-600
211445,-449
211446,150
211451,-1699
211457,-1
211471,300
211474,999
211488,1902.66666667
211557,-1000
211980,-450
212100,-17501
231145,-100
232056,304
238377,511
247046,-5000
254284,-500
263831,-409
264369,800
268900,-4533.33333333
276342,500
279242,4984.08333333
288296,300
289985,2116.66666667
290865,-500
294941,1000
295269,-5750
295385,233.333333333
296300,501
296341,-19750
296642,150
296903,-799
297036,1000
297421,-989.428571429
297556,600
297593,1500
297655,11015
297698,-400
297708,1399.33333333
297766,-391.666666667
297783,1000
297791,-250
297825,900
298002,750
298004,-3751
298060,-4055
298082,2500
298144,-1200
298225,853.571428571
301034,-822
301037,6000
301051,500
306540,-5333.66666667
306900,-6893.06666667
307300,0.166666666666
307360,950.5
307520,3000
307640,5783.33333333
307680,500
307820,500
307920,-510
308740,1190
308741,400
308780,1676
308820,-499
308860,500
309220,-1425.5
309300,6000
309380,700
309400,550
309420,-1289.66666667
309440,-3084
309760,-2125
309800,1000
309857,200
309872,640
309885,1833.33333333
309920,100
309940,3250
310100,400
310240,-500
311020,-1000
311061,-500
311200,34166.6666667
311241,-16333.3333333
311620,-1000
311661,-204
311960,-600
312220,-4450
312500,1000
312580,7333.33333333
312620,-1216.66666667
312621,-12000
312640,4000
312702,-1616.66666667
312761,350
312800,750
312921,435.5
312922,1335
312980,2857.2
313000,857.5
313080,982
313082,-201.666666667
313083,300
313085,250
313100,-462
313220,475.5
313241,-1700
313300,401
313320,633.333333333
313361,134.666666667
313381,823.5
313680,-5500
313740,1000
313761,366.666666667
313803,436.666666667
313806,665.666666667
313860,500
313865,-1042.5
313902,-2250
313921,2050
313922,-249
313980,-2250
313981,2000
314060,-572.666666667
314062,-2917.66666667
314063,2416.66666667
314106,1000
314142,-425.5
314150,-352
314162,1200
314180,-5000
314186,1300.3
314190,500
314197,866.666666667
314221,-137.222222222
314294,-1250
314295,-700
314300,-1012
314322,-1449.5
314443,1500
314471,483.333333333
314480,-350
314494,-0.5
314499,542.75
314524,-2000
314527,1000
314528,1000
314531,-2889
314536,2516.66666667
314542,200
314546,-500
314549,1163
314551,-8332.83333333
314557,1625
314560,54
314581,4000
314601,1000
314781,1033.33333333
314801,1133.33333333
314841,400
314846,-825
314868,695
314891,-1022
314950,500
314990,-600
315010,360
315011,-1099.66666667
315071,-900
315113,49.75
315191,1450.5
315251,1744
315256,300
315356,-630
315377,150
315381,-843
315396,200
315440,-250
315479,-125
315485,-499
315497,-1500
315517,1400
315538,1199.66666667
315680,1010
315681,1300
315697,-5983.08333333
315718,5927.5
315778,1500
315798,250
315858,494.5
315877,200
315899,2600
315957,-1450
315961,478.416666667
315977,-266
316037,-333.333333333
316038,599
316057,496.666666667
316137,512
316219,3105
316258,-1083.33333333
316357,-192
316359,1500
316517,3200.5
316717,-12500
316877,-1000
316920,700
316978,400.333333333
316999,2250
317000,-233.333333333
317017,6722
317037,-3000
317159,-12311.7777778
317198,-705
317238,-359.833333333
317239,400
317279,1386.66666667
317280,3500
317304,5000
317358,700
317478,500
317498,500
317518,-400
317558,1550.225
317579,4500
317639,8500.2
317640,-1633.6
317782,-612.666666667
318104,1098.66666667
318107,-500
318142,-500
318222,201
318246,200
318248,500
318297,-2000
318305,-799
318306,154.5
318313,549
318315,-1098.5
318321,988
318325,1944
318329,4000
318331,-400
318345,-584
318346,-200
318347,1100
318405,2665.66666667
318428,-701
318444,-149
318451,5506.85714286
318464,3440.47619048
318465,-3074.875
318469,1816
318470,1100
318504,2001
318525,512.75
318544,609.333333333
318625,1146.5
318726,-3220.83333333
318737,-351
318807,220
318906,1370
318985,-951
319006,5250
319126,-1266.14285714
319168,-1000.5
319438,-1000
319477,700
319478,216.666666667
319531,-399
319571,401
319637,200
319694,-1000
319715,1075
319779,-700
320151,-2467.5
320193,540
320232,774
320371,-7250
320533,200
320615,-100
320617,300
320873,-671.428571429
320993,1559.12222222
321073,-435
321133,593.5
321155,-230
321194,-1299
321273,1707.33333333
321374,410
321453,1250.5
321533,-1520
321541,-1833.16666667
321616,-1750
321619,1250.5
321734,100
321735,500
321795,389
321894,199
327239,-500
327294,1250
327297,1000
327299,-930
327316,1700
327320,3500
327321,-1000
327322,300
327323,-300
327339,1000
327343,450
327374,500
327423,-200
327455,-300
327475,17501
327498,475
327539,-550
327541,500
327554,616.666666667
327574,-1442.16666667
327675,-250
327677,500
327698,-450
327899,-337.5
327900,-1125
327918,-500
327998,416
328078,528
328119,900
328163,-251
328198,5000
328222,2333.33333333
328378,2000
328419,2393.75
328520,-333.833333333
328639,875
328760,3450
328802,250
328819,267
328842,-850
328858,-209.5
328983,400
328999,219.5
329047,320
329119,-400
329122,-1000
329178,1500
329259,-133.333333333
329263,2216
329278,1300
329298,153
329319,533.333333333
329343,-805.5
329378,2400
329381,2001
329398,-300
329418,514.5
329438,350
329458,275
329598,-7.5
329680,9433.33333333
329699,100
329744,-2500
329818,-350
329839,99
329841,-400
329845,499
329858,1101.8
329922,-500
329928,2000
329979,-249
329980,-2000
330019,450
330024,-400
330038,-200
330041,650
330118,1900
330138,-1500
330298,300
330381,2117
330405,5500
330451,131
330513,2701
330668,-700
330730,-250
330890,-800
330948,900
330968,-1166.66666667
331390,-260
331410,-3289
331450,1050
331530,730.666666667
331591,1000
331612,-500
331617,596
331730,-2735.5
331750,-199
331752,17615
331870,816.666666667
331893,300
331910,1229.33333333
332019,800
332039,-1449
332195,300
332203,1000
332296,-1251
332306,-460
332334,1214.28571429
332355,-484.5
332381,144
332394,-614.285714286
332415,-163
332522,-500
332555,1250
332574,-300
332617,-66.6666666667
332674,404
332675,-6285.5
332676,1825
332755,-490.416666667
332999,2703
333036,216.666666667
333058,600
333122,3272.5
333258,-500
333298,-2000
333358,-350
333539,4000
333682,1200
333859,700
333979,-983
334000,-683.333333333
334019,-1000
334039,784
334061,-999.333333333
334082,800
334239,-201
334460,867.666666667
334522,758.25
334601,200
334739,-5000
334741,-600
334839,100
334842,1150
334982,-625
334984,-300
335019,2000
335022,-420
335120,-636.5
335126,-4425
335160,-325
335163,-1000
335241,639.166666667
335263,300
353223,1000
353230,-1527.5
353234,-500
353239,1500
353240,750
353243,-8250
353244,-500
353267,-666.666666667
353300,250
353400,-267
353420,1666.33333333
353543,936.666666667
353580,8000.28571429
353583,1200.5
353621,2925
353782,2196.66666667
353783,6001
353839,800
353883,303
353888,611.458333333
353899,2000
353903,-300
353944,500
353979,396.80952381
354022,-749.5
354023,400
354041,-11600
354060,469.660714286
354121,431
354147,-253
354163,11125
354184,450
354235,981
354238,5416.66666667
354280,325
354281,1215
354301,-334
354303,-1862.22222222
354408,55.6666666667
354419,1000
354480,-1000
354482,-400
354501,-1729
354524,1000
354540,550
354572,-6779.33333333
354640,-1000
354661,-25500
354683,1000
354699,-400
354704,-1587.5
354742,42500
354747,500
354892,-870
354898,300
354919,260
354921,-400
354922,-500
354942,-1000
354943,523.3
354961,5000
355000,-200
355003,1002.88888889
355040,-1695
355042,-200
355043,-2266.66666667
355081,203.933333333
355083,786.5
355142,-1000
355162,1750
355180,666.666666667
355241,-800
355246,-184.5
355302,1647.5
358482,1500
358540,-450
358541,4020
358579,-447
358584,-649
358602,-600
358619,1600
358621,6500
358622,260.333333333
358685,2000
358687,7351
374803,1400
374862,258
374887,500
374902,502.5
374907,-500
374926,1980
374927,-5000
374984,-400
375050,500
375094,-200
375096,1333.33333333
375109,-410
375113,-200
375134,-791
375177,507
375195,300
375235,1304
375277,1800
375279,-1251
375281,-2625
375334,200
375335,-968.5
375356,6000
375376,-2866.66666667
375378,1213.5
375419,969
375438,1875
375439,1500
375455,1000
375474,-1601
375475,-1200
375484,711
375499,-300
375517,6012
375520,100
375535,600
375554,200
375604,1200
375607,1918
375934,-500
375936,12500
375957,450
376112,1200
376955,-1200
376995,-7000
377058,4958
377077,168.8
377240,100
377280,1199.5
377327,-190.5
377331,-1000
377343,1000
377345,-500
377361,249.5
377368,459
377372,-300
377378,-1150
377401,-500
377459,199
377484,-300
377498,-166
377502,1175
377558,425
377559,13333.3333333
377565,1300
377588,-500
377594,10000
377603,-634
377641,-1500
377645,1001
377646,-180
377665,-450
377668,1617
377669,-1844.36111111
377683,749
377706,500
377710,500
377711,-1059
377717,350
377721,-1300
377722,-38.6666666667
377725,-426
377736,178
377739,-7300
377741,421
377744,-750
377763,-200
377764,6
377766,1382
377776,500
378086,-1000
378145,300
378167,2336.66666667
378224,265.5
378228,250.5
378230,-7331
378246,400
378287,485.5
378290,-2567.16666667
378324,416.666666667
378325,599
378369,511.166666667
378390,1500
378392,276.5
378533,-400
378537,-501
378573,900
378575,-758
378595,-2700
378597,-439
378598,1000
378599,1190
378600,6000
378626,10000
378660,8650.5
378686,250
378690,-1200
378701,-1998
378703,-308
378722,-2525
378729,750
378730,400
378733,-201
378763,-4100
378786,-300
378793,-1002
378801,-1005.5
378810,251.666666667
378811,633.333333333
378812,266.666666667
378833,408.666666667
378858,501
378862,-1833.33333333
378869,-665
378904,591
378905,440
378940,-400
378941,450
378946,-11250.5
378949,250
378952,-1000
378964,-300
378966,500
378967,937.5
378975,7871.83333333
378977,125
378978,-1000
379005,-276
379062,384.166666667
379068,-555
379072,817.5
379074,1400
379080,-241.666666667
379081,500
379087,-1000
379120,92.5
379128,2058.4
379132,2150
379134,1250
379138,-1470
379158,500
379161,-451
379163,-1
379173,-400
379184,820
379190,350
379201,327
379204,3000
379248,3602.27272727
379253,250
379260,500
379264,250
379280,-290
379346,27100
379378,-1000
379387,400
379388,-100.5
379389,900
379403,1100
379412,5000
379421,680
379753,200
379757,350
379807,300
379844,500
379851,3000
379880,1025
379886,1100.0
379888,205
379890,140.5
379891,1524.0
379903,1500
379924,-300
379994,-283.333333333
379998,125
380002,166.666666667
380241,-300
380282,400.5
380296,-5833.33333333
380315,445
380324,1066.66666667
380336,1000
380369,-200
380372,-633.333333333
380393,-3577.41666667
380434,-300
380456,-3065.13333333
380459,-2400
380460,-550
380476,325
380478,-514.125
380517,1000
380519,-900
380521,225.5
380573,-350
380575,-490
380596,-300
380613,149
380661,751
380693,1900
380736,166.666666667
380814,325
380834,-1503
380856,400
380861,-870.5
380863,704.5
380887,600
380889,178
380905,-750
380928,-533.333333333
380965,3000
381007,800
381067,-300
381167,-1500
381239,-349
381373,1250
381419,540
381422,-267
381587,-890.678571429
381608,-600
381627,333
381651,-3225
381794,575
381812,1000
381948,-300
381969,-15000
381988,-650
382008,1104.16666667
382028,-400
382069,-6250
382078,-1333.33333333
382190,500
382211,2013.5
382212,125
382252,6000
382329,1763
382429,-400
382490,350
382491,-179
382495,-1103.33333333
382528,-150
382751,-501
382850,350
382957,-600
382991,-1729.16666667
383090,-1412.5
383132,-1622.5
383137,1001
383170,1518.75
383251,-6799.6
383292,-4000
383390,13000
383410,150
383610,-500
383632,737.5
383654,-2050
383656,-125
383690,3300
383712,1500
383800,975
383813,483
383854,-775
383876,500
383878,316.666666667
383880,-550
383894,610
383895,-492.166666667
383977,-761
383993,907
384055,400
384114,370
384174,5500
384234,762
384315,550
384334,-4550
384354,300
384355,-857
384358,405
384375,-1000
384377,429
384553,-651
384557,-1000
384613,487.5
384635,124.5
384659,450
384673,533.333333333
384693,-499
384713,833.333333333
384734,3528
384793,200
384983,-125
385253,550
385295,-500
385314,1350
385337,300
385395,-657
385535,1000
385573,901
385594,1446.66666667
385595,-666.666666667
385658,1423
385714,2858.33333333
385853,450
385876,4000
385880,150
385893,499
385937,250
385978,-500
385993,-3412
386013,451.166666667
386054,90
386140,33.3333333333
386161,-777.5
386193,300
386322,301
386334,-759
386353,-5750
386376,-27500
386434,1250
386513,300
386533,3000
386535,-601
386536,500
386574,-349
386615,500
386674,2100
386695,215
386756,750
386797,324
386834,204
386939,604.75
386978,6750
387039,-47155.25
387060,1499
387061,300
387214,-450
387335,890
387356,-1750
387363,1000
387373,808.333333333
387375,-1480
387433,1833.33333333
387475,1000
387478,200.166666667
387482,-150
387483,-1500
387504,3850
387521,184.8
387522,499
387594,-450
387613,149
387614,587.5
387615,-1251
387693,211.111111111
387714,-1134.66666667
387715,-71.0476190476
387720,-575
387733,-443
387736,400
387755,1367
387760,49
387782,-825
387795,450
387822,400
387827,-883.5
387833,1800
387834,-700
387900,-2179
387907,500
387916,1052
387953,-2350.0
388034,-950
388037,1100
388053,-500
388054,2812
388075,-500
388078,-100
388094,5250
388095,400
388113,-12700
388118,300
388120,300
388125,300
388138,1250
388140,625.5
388156,1175
388161,350
388174,1649
388236,7000
388293,-333.333333333
388333,2000
388336,301
388355,567.5
388415,-300
388416,1237
388441,1233.33333333
388502,500
388503,200
388521,331.5
388580,600.0
388621,-5000
388680,501
388702,380
388740,500
388761,296.428571429
388762,130
388764,7836.5
388783,-250
388787,1850
388788,-1000
388828,-750
388829,250
388847,1000
388908,2280
389033,3440
389130,-108
389132,421.666666667
389188,1350
389247,1000
389267,451
389289,1023
389290,232.666666667
389292,201
389329,-600
389348,475.25
389368,1499
389409,250
389410,-0.166666666666
389430,500
389547,700
389573,6000
389588,-440
389589,400
389707,7000
389727,301
389748,1500
389749,1500
389769,500
389808,3000
389809,18744.5
389932,100
389950,-8206.33333333
389970,20
389971,-932
389987,3135
390008,500
390009,2750
390011,1500
390014,-383.083333333
390028,1212.8
413449,-1000
413487,2000
413507,-2499
413548,1000
413587,6601
413688,2000
413690,-280.3
413708,-237.5
413709,1247.66666667
413767,3906
413772,500
423268,-1083.83333333
423297,-320
423310,-2361.25
423311,2500
423329,500
423330,800
423369,-250
423387,-1260.41666667
423391,6000
423427,1977
423428,950.5
423675,466.5
423707,-250
423724,500
423738,300
423741,1433.33333333
423742,599
707349,500
707352,-1000
707368,285.571428571
707370,-349
707371,-3666.66666667
707391,-600
707398,500
707401,-300
707450,500
707468,-349.5
707471,-62
707474,827.208333333
707475,-500
707482,-10000
707492,800
707500,2300
707548,2499
707597,1500
707601,791.666666667
707604,3000
707612,2000
707627,2874
707628,1876
707629,-1000
707638,-2500
707641,200
707644,-450
707718,1349
707725,400
707742,1158.66666667
707744,-310
707749,-1179.41666667
707753,700
707787,-799
707790,300
707796,1000
707798,333.333333333
707800,900
707808,1333.33333333
707829,1000
707830,800
707868,-1033.33333333
707869,500
707892,-1470.625
707895,1000
707908,400
707910,700
707924,899
707952,1500
707962,500
707971,2000
708027,-250
708030,1000
708073,31.5
708090,1000
708096,650
708098,450
708108,533.333333333
708116,-1600
708145,700
708147,-437.5
708148,824
708149,5000
708152,950
708165,500
708177,14040
708178,-833.333333333
708180,-275
708202,-811
708263,-1200
708284,-1500
708295,1000
708301,701
708308,-1000
708322,500
708443,500
708449,877.5
708482,-906.25
708488,-1453
708489,467
708503,-580
708509,1819
708523,-125
708549,-183.333333333
708558,820
708560,-750
708563,300
708574,1400
708578,1000
708579,1125
708601,-750
708602,-624.5
708606,950
708617,1333
708621,341.666666667
708641,1300
708642,601
708721,324.5
708747,1200
708762,800
708765,650
708767,650
708768,950.333333333
708772,800
708801,300
708809,-2500
708813,475
708819,-400
708835,-1700
708841,-400
708843,601
708871,962.333333333
708920,1350
708921,300
708926,500
708961,-750
708980,400
708982,537.5
708987,350
709041,2050
709043,1621.33333333
709059,310
709066,-1174
709072,500
709081,750
709100,-430
709102,656
709121,1800
709141,-500
709165,500
709169,-470
709173,200
709181,2500
709185,600
709187,500
709191,-168.083333333
709202,349
709225,-1000
709266,810
709270,500
709381,-1812.5
709392,244
709410,266.666666667
709413,500.5
709424,-1000
709431,1202.5
709441,1798.16666667
709442,337.5
709445,-500
709451,1577.77777778
709470,-405
709506,500
709512,-525
709544,400
709549,2000
709583,2900
709584,900
709612,400
709646,-301
709661,400
709680,1400
709701,775
709705,300
709711,316.666666667
709806,1075
709810,-49
709815,1000
709822,-650
709827,-3051
709832,-600
709834,201
709837,2090.5
709875,2666.66666667
709888,449
709898,2050
709951,403.333333333
709955,900
709959,345.666666667
709972,335.333333333
709974,350
710041,916.666666667
710046,-375
710060,400
710126,495
710127,-1000
710203,-1040
710205,-925
710217,400
710223,600
710227,3982.5
710262,450
710276,251
710287,350
710288,-758.5
710289,1000
710294,-550
710340,200
710343,800
710347,700
710351,-180
710353,-5700
710423,943.5
710429,-1166.33333333
710438,400
710444,1000
710505,300
710511,22417.5
710522,1533
710523,-48
710549,1200
710550,150
710560,-850
710578,-1650
710586,1874
710621,144.25
710623,-1333.33333333
710625,200
710631,900
710645,-1475
710740,125
710742,-500.5
710755,500
710764,-500
710782,300
710800,1187.5
710802,400
710826,2500
710847,300
710862,-9
710863,500
710867,-236
710880,1416.66666667
710892,2550
710901,550
710904,204.5
710912,200
710920,500
710942,2000
710945,1725
710946,541.666666667
710986,441
711025,450
711080,712.5
711098,694.666666667
711108,1000
711128,-900
711155,625
711168,500
711182,786.666666667
711183,425
711186,500
711193,300
711223,-5250
711233,1000
711241,5100
711248,275
711281,-251.333333333
711380,1000
711389,1250.5
711407,-289.267857143
711416,550
711434,1001
711472,350
711474,1000
711487,249
711504,850.0
711514,678
711519,2100
711520,500
711523,-850
711525,600
711528,450
711545,433.333333333
711572,-500
711573,333.333333333
711574,-350
711601,-1333.33333333
711602,-400
711614,-225
711615,1360
711638,1595
711643,-912
711688,-1060
711748,549.166666667
711749,1100
711771,664
711780,1600
711781,-9000
711787,-200
711788,400
711803,250
711821,500
711824,10000
711843,350
711846,-2328
711857,249.583333333
711860,1125
711884,290
711885,1000.5
711893,1500
711894,-3000
711924,1000
711945,-125
711965,1233.33333333
712000,249.5
712005,600
712015,1200
712020,300
712034,450.5
712035,45000
712036,2000
712044,500
712096,300.5
712098,-750
712124,-1291
712125,500
712140,1000
712145,300
712148,-750
712156,200
712218,501
712223,600
712241,1140
712250,200
712251,1417
712281,2466.66666667
712282,1116.66666667
712369,333.333333333
712386,-300
712442,800
712520,233.333333333
712565,-625
712580,1000
712583,510
712589,-2810
712597,400
712598,350
712600,-399
712642,-3033
712658,750
712660,662.5
712680,-200
712684,-2059
712688,-7900
712691,300
712701,-1000
712802,250
712803,1599
712805,1576
712806,1373
712835,267.5
712851,-200
712902,1500
712959,475
713041,-600
713044,-1082
713046,5609.5
713047,-285
713171,935
713200,344
713211,400
713222,1250
713282,-100
713289,-750.0
713296,280
713308,917.5
713310,1400
713322,-890
713325,1000
713346,-443.5
713366,500
713371,1037.5
713382,15408.3333333
713385,341.5
713401,-810
713461,3000
713465,-500
713483,1000
713486,1224
713503,200
713505,533
713565,500
713568,1400
713570,-1000
713573,1000
713631,-87.5
713642,-500
713647,1001
713648,-119
713660,2000
713661,224
713702,-850
713705,-823
713715,633.333333333
713726,1000
713741,800
713763,22400
713768,1100
713772,5733.33333333
713773,13577.25
713774,1000
713803,1000
713805,2000
713823,-550
713862,-400
713900,500
713984,1000
714001,-4500
714003,-600
714024,500
714040,1101
714045,1099
714060,293.666666667
714062,700
714081,-400
714140,400
714141,-500
714160,2099
714161,400
714163,-823
714167,400
714168,-1216
714185,951.5
714205,121
714223,-75
714240,766.666666667
714244,306
714249,1000
714380,-651
714393,699
714394,590
714405,-400
714422,-1640.2
714448,300
714470,-1499
714481,850
714485,1500
714491,200
714553,177.5
714558,-25
714590,-325
714625,50
714709,2000
714717,550
714724,2700
714761,305.5
714762,280.5
714764,400
714768,250
714770,500
714824,500
714826,-700
714860,150
714864,-3000
714873,200
714889,1600
714890,452
714893,400
714932,-100
714940,563
714952,-565
715020,200
715022,900
715024,-271.666666667
715058,700
715060,2945
715065,600
715074,300
715078,-600
715082,140
715084,-500
715093,500
715100,800
715102,800
715104,-440
715118,250
715119,-2220
715136,-800
715158,1987.33333333
715166,225
715191,500
715198,1833.33333333
715210,700
715219,1500
715261,-1200
715278,395
715290,-400.5
715292,700
715296,1500
715334,700
715338,-1125
715351,-500
715358,500
715359,300
715379,-638
715430,-500
715481,-1400
715484,235
715498,400
715520,1500
715526,550
715528,-2250
715558,600
715579,-200
715598,-500
715631,600
715733,180
715743,274
715771,666.5
715776,400
715817,360
715838,-202.6
715839,250
715886,900.333333333
715904,19.6
715911,325
715937,570.5
715940,-1500
715971,3500
715997,1257
716008,275
716117,599
716141,600
716146,500
716172,-165
716187,-300
716191,300
716220,-250
716239,1223.75
716240,3800
716322,500.0
716361,355
716377,1199.5
716380,1500
716382,300
716398,-840
716417,-35000
716437,-548.333333333
716457,500
716460,1000
716499,500.0
716579,-250
716588,199
716590,-716
716591,500
716592,1101
716638,150
716653,1000
716697,-1399.5
716705,715
716708,1270
716718,401
716724,1500
716727,578
716737,5.69642857143
716779,300
716809,400
716868,250
716889,50
716891,300
716894,400
716897,401
716902,-391.833333333
716920,219
716923,-1255
717006,-999
717058,99
717060,350
717061,1000
717063,1150
717077,-150
717158,-1300
717171,250
717186,450
717187,500
717191,600
717206,-400
717207,5751
717212,100
717226,625
717228,1599.5
717240,516.666666667
717241,2600
717263,-10000
717268,19
717276,-103.5
717309,500
717320,883.5
717338,500
717349,-700
717398,2000
717403,550
717404,425
717405,-1000
717406,175
717419,200
717425,600
717430,-700
717435,600
717446,751
717459,525
717522,-6525
717523,1000
717540,-1000
717546,750
717548,950.5
717574,445.666666667
717582,499.5
717595,300
717596,384
717620,345
717672,200
717699,310
717722,-400
717758,300
717781,200
717825,-875
717827,750
717828,500
717944,400
717959,550
717987,500
717995,-350
718021,408.833333333
718023,600
718040,250
718043,1400
718044,-5000
718047,2435
718096,523.833333333
718099,938
718124,800
718139,350
718187,760.333333333
718221,-377.083333333
718222,1650
718244,575
718247,2750.5
718251,-1156.5
718285,400
718297,1356.5
718302,400
718305,240
718312,535
718318,-2750
718322,300
718327,-277
718330,1125
718337,404.333333333
718340,612
718355,225
718361,-422.5
718377,269
718399,450
718400,233.833333333
718402,190
718406,-1571
718408,-500
718420,440
718421,-1250
718422,1520.83333333
718428,450
718449,-938
718458,-300
718469,501
718538,1726
718561,698.5
718562,2000
718565,8330.2
718579,249
718580,-350
718585,729
718606,5000
718613,1150
718614,-3749
718628,875
718640,2289.33333333
718647,312.5
718654,100
718657,1150
718667,1000
718677,-10000
718679,636
718702,1250
718720,1000
718738,-500
718822,300
718857,-6783.33333333
718858,1500
718859,3687.5
718863,200
718877,963
718878,250
718880,1400
718881,-550
718892,3000
718897,100
718900,-800
718959,-350
718965,500
718969,938
718978,-1488
719024,-290
719029,127.142857143
719052,299.75
719058,649
719078,750.5
719102,99.5
719104,-399
719109,-1000
719126,2800
719131,-763.5
719132,300
719139,1000
719144,200.333333333
719180,700
719197,-1700
719217,314
719228,750.333333333
719236,900
719238,1500
719240,1962.5
719245,-66.6666666667
719257,400
719266,445
719268,205.666666667
719274,1770.33333333
719285,1519
719350,550
719375,-215
719378,-400
719388,1000
719397,401
719438,4000
719447,1101
719448,325
719453,1000
719470,225
719541,1999
719564,-400
719574,100
719584,1000
719590,2000
719593,-996
719600,-99
719605,-333.333333333
719608,-400
719623,490
719643,500
719663,501
719665,505
719667,-100
719669,-350
719673,576
719676,600
719704,600
719737,-2691.5
719743,-899
719759,-194
719785,600
719795,500
719799,400
719803,-450
719806,100
719810,650
719822,200
719837,750
719859,1260
719860,351.333333333
719861,361
719887,2300
719889,110
719906,100
719911,-400
719929,-170
719979,-260
719980,400
719991,1501
720011,-500
720012,-11
720040,800
720058,300
720084,-512
720098,1050
720119,1200
720121,399
720126,200
720139,116.5
720140,125
720217,-175
720218,-500
720238,500
720258,2225
720266,345.714285714
720292,-1604.01298701
720295,1600
720304,-700
720313,478
720323,300
720358,600
720363,1241.66666667
720378,924
720385,272
720423,591
720486,550
720498,700
720502,628
720519,500
720532,1500
720542,882
720557,600
720566,1200
720614,1000
720616,826
720625,700
720670,-300
720679,-1118
720719,1300.5
720720,1500
720800,-1151.83333333
720801,-434
720938,1000
720941,556
721019,-1000
721039,6690
721082,-4983.33333333
721084,400
721085,500
721098,100
721099,600
721139,1300
721157,-100
721158,808
721205,100
721224,750
721237,30000
721418,-875
721461,-1200
721479,-358
721558,-1500
721561,1299
721563,-50
721579,-300
721601,700
721604,-346
721618,-303
721621,-300
721626,499.9
721639,1000
721720,400
721803,-300
721817,-300
721901,310
721904,-1000
721944,2000
721961,200
722026,600
722069,-933.333333333
722119,500
722139,767
722158,592
722183,775
722199,-725
722297,-500
722358,1931.16666667
722362,1500
722430,1500
722437,1500
722439,390
722467,69
722561,699
722597,475
722617,250
722679,800
722703,-599.833333333
722705,300
722737,200
722798,590.333333333
722801,483.333333333
722809,-400
722813,-650
722825,300
722826,-900.666666667
722837,500
722842,2000
722843,-760
722868,601
722878,2900
722897,300
722899,-450
722918,2000
722921,650
722932,-350
722998,150
723008,449
723010,-500
723114,5000
723115,-600
723157,100
723177,426
723190,194
723191,-629
723200,-618
723222,-300
723238,-8500
723241,-999
723259,-800
723277,200
723297,-1049
723318,8.58333333333
723322,3495.5
723337,300
723346,300
723399,833.333333333
723437,2000
723441,1600
723478,1100
723483,800
723512,300
723652,3276
723697,9500
723743,300
723748,450
723751,1000
723759,-625
723763,-600
723767,650
723780,5500
723784,140
723801,750
723817,-475
723844,71.1111111111
723865,429.5
723883,500
723893,250
723898,500
723938,-325
723964,-300
723972,-250
724010,-250
724050,300
724052,200
724057,500
724064,-600
724067,-1000
724117,386
724139,500
724141,-1500
724147,716.5
724150,1050
724152,-200
724197,2500
724204,-662.25
724222,1000
724243,-1301
724257,-500
724265,249.75
724272,1883.33333333
724285,-50
724301,-500
724306,-56
724335,183.5
724337,-400
724359,-500
724425,-312
724429,625
724459,-300
724464,575
724465,2500
724466,-524
724497,-600
724519,550
724522,296.5
724577,6000
724582,-800
724597,300
724599,179
724637,-501
724688,933.5
724693,500
724706,675
724743,2150
724745,-5500
724747,700
724751,2500
724753,-1779
724840,-439
724844,-400
724846,1000
724857,879
724863,1800
724877,467
724905,625
724937,1350
724940,1200
724951,500
725043,300
725050,290
725053,-916.666666667
725060,271
725062,-500
725065,-343.375
725068,337
725075,-194
725101,-130
725104,34000
725109,10000
725237,450
725239,700
725244,300
725299,200
725317,-800
725357,-5400
725360,300
725380,350
725405,974.5
725423,2092.85714286
725505,-500
725519,1025
725559,700
725581,110
725589,847
725600,1610
725645,900
725681,1750
725698,166.666666667
725717,900
725737,450
725847,1500.33333333
725857,600
725858,1000
725859,-1000
725938,80
725958,10550.5
725960,1500
726001,4750
726022,600
726059,-500
726064,700
726190,200
726228,700
726301,299
726310,-700
726311,-850
726330,-415
726344,-300
726380,800
726383,450
726541,-2467.26666667
726548,5566.66666667
726568,166.666666667
726571,800
726656,1250
726659,-300
726670,1055.5
726673,600
726674,550
726694,-2400
726715,-747.5
726722,-501
726734,600
726742,200
726751,600
726752,601
726755,1700
726775,1000
726776,500
726779,500
726890,-1
729400,-1
729405,2100
729413,500
729430,1312.5
729434,1250
729437,1425
729445,1500
729451,475.333333333
729452,-690
729514,700
729539,800
729545,1000
729610,300
729631,250
729638,800
729674,-700
729786,752.5
729791,-500
729793,4066.66666667
729811,89
729817,-600
729834,250
729847,-703
729870,225
729910,4250.5
729938,199
729979,36.5
730058,-545.5
730061,-927.333333333
730090,400
730092,2200
730215,400
730230,-328.571428571
730235,2425.5
730274,1177
730313,-228
730331,993
730333,1250
730358,500
730390,390
730392,500
730435,1233.33333333
730551,-499
731651,260
731695,366.666666667
731697,342.35
731703,1500
731810,500
731811,521
731814,-550
731819,-550
731871,-789.8
731911,67
731941,-200
731957,1000
731969,1000
731979,-1870
731987,100
732010,100
732012,500
732013,485
732082,-790
732114,293
732151,1582
732205,-966.5
732229,501
732400,1500
732404,250
732564,-5000
732566,656.5
732682,335
732686,716.166666667
732800,-400
732888,2000
732922,300
733120,1001
733128,-626
733160,640.5
733324,500
733352,-500
733364,675
733414,-873.333333333
733480,400
734930,-600
735070,1650
735094,-20000
735122,400
735134,-250
735168,333.333333333
735188,662
735206,1400
735214,-50
735216,450
735228,-209
735326,300
735344,400
735346,501
735400,-652.857142857
735404,-2026.33333333
735560,630
735570,300
735682,2000
735722,-1000
735738,1000
735840,-200
735880,1001
735920,751
735938,8333.33333333
736166,626.666666667
736200,4000
736214,-33.3333333333
736324,1000
736328,500
736410,200
736424,1700
736446,-5000
736486,995
736524,1200
736658,-200
736682,-1132
736762,-400
736764,550
736920,700
736960,600
737040,318.5
737054,683
737062,400
737130,-250
737132,400
737208,1800
737286,1000
737378,1000
737444,800
737524,400
737526,1500
737528,400
737680,500
737722,500
737840,-533.333333333
737842,900
737846,1162
737966,-5608.41666667
738008,-485.5
738010,-299
738124,4750
738130,1250.07142857
738136,200
738140,200
738144,-1192
738170,955
738200,1100
738248,250
738252,350
738260,2000
738338,1000
738440,-700
738448,-606.75
738644,290
738654,675
738760,200
738802,287.5
738804,2300
738842,1125
738886,-1500
738924,-100
739042,-1100
739050,200
739056,-261
739160,400
739166,-1918
739212,400
739272,500
739322,-1126.5
739336,1200
739360,666.666666667
739382,1000
739580,3000
739588,333.333333333
739592,-317.666666667
739606,450
739650,-500
739698,100
739728,201
739812,400
739848,500
739860,782
739862,4000
739866,-300
739872,4000
740086,567
740098,300
740104,1050
740108,625
740176,199
740216,-900
740218,900
740280,500
740284,450
740327,-98
740334,500
740480,1000
740503,-300
740524,700
740593,-150
740599,500.5
740604,1000
740627,350
740640,900
740642,1000
740649,-1333.33333333
740712,775
740730,-29
740742,733.333333333
740744,945
740766,562
740771,1500
740962,-499
740964,-500
741082,2900
741088,300
741094,550
741130,-250
741142,100
741152,-300
741158,-999.5
741172,316
741192,-600
741212,500
741256,-423
741260,516.5
741266,400
741280,504
741328,5001
741330,-300
741414,99
741444,801
741452,-500
741484,1250
741628,11000
741664,1150
741736,-200
742202,1800
742218,1000
742240,-750
742286,-500
742336,3750
742370,1
742378,283.5
742422,-3400
742482,-300
742490,500
742504,968
742570,400
742572,1700
742614,500
742632,1600
742650,800
742654,-430
742656,600
742660,-1350
742766,800
742778,254.5
742798,600
742806,200
742822,1945.83333333
742882,200
742906,-507
742918,551
742920,-450
742948,-792
743126,800
743144,301
743148,-363
743216,-400
743310,100
743364,1150
743484,2662.5
743516,500
743544,-500
743694,450
743698,280
743730,685
743780,-350
743830,1000
743854,950
743874,500
743970,330.5
743986,281.5
743994,-601
744034,300
744058,1400
744200,700
744246,2650.5
744270,400
744286,921
744290,617
744320,310
744382,200
744444,200
744446,300
744490,200
744538,401
744540,350
744550,350
744600,200
744644,601
744686,800
744720,450
744758,1382
744762,100
744780,850
744814,1650
744856,300
744950,385
744960,149
744972,820
744988,1000
745022,270
745026,-533
745152,-1358.66666667
745156,5083.33333333
745196,406.666666667
745226,1000.5
745246,649
745282,200
745304,125
745312,1325
745320,180
745340,525
745366,1765
745642,-4264.5
745742,266
745750,2500
745752,-350
745768,-333.333333333
745922,-279.166666667
746000,-2083.33333333
746012,-800
746244,400
746410,-601
746432,500
746852,1150
746926,200
747004,1098.375
747136,-100
747138,-399
747144,1000
747182,50
747188,500.5
747374,500
747380,910
747422,1500
747492,-3216.66666667
747542,-500
747648,854
747650,-300
747652,999
747662,375
747668,-500
747704,1000
747760,-2301
748726,2316.66666667
748832,250
752948,700
753344,500
753520,-95
753622,1550
755124,300
755166,500
755288,500
755342,201
755346,-375
755352,1432.85714286
755392,3390
758568,-1499.33333333
760580,-1000
760610,1000
760624,-2647
760656,350
760722,125
760728,1000
760730,300
760766,-199
760908,918
760912,450
760926,1625
760928,700
760930,930.666666667
760940,750
761020,625
761046,-800
761086,1875
761250,1000
761268,750
761340,-99
761374,1200
761380,200
778284,-11000
778302,1000
778352,700
778404,500
778410,700
778528,-1250
778536,100
778548,1407.5
779880,5000
785384,-6500
805634,3001
810370,2000
810736,-1500
811936,249.5
812682,400
841038,241
841078,500
841814,3583.33333333
841840,-100
841874,350
841880,10950
841888,500
865612,400
865620,6500
865640,-41400
865730,1650
866396,1000
866434,-1050.5
866480,600
866554,-501
866682,200
866732,-395
866798,-199
866800,750
866832,810
866848,750
867194,-1118
867240,-500
867246,-157.857142857
867290,1000
867310,150
867324,3000
867438,800
867470,-200
867476,-500
867526,-50
867544,-1000
867552,251
867578,-10850
867592,341
867620,500
867638,1500
867640,1400
867650,400
867688,-1257.6
867734,900
867784,1250
867830,-2000
867868,-750
867878,500
867886,-400
867902,330
867936,500
867940,1733.33333333
867952,601
867962,600
867980,1000
867996,101
868000,-588
868008,2450
868078,2625
868106,412.5
868114,200
868118,699.5
868122,1010
868124,200
868134,-499
868138,-300
868140,300.5
868168,-300
868180,400
868188,400
868200,893.333333333
868244,-100
868284,1000
868334,-566
868348,1100
868436,800
868466,510
868488,21831.3333333
868512,500
868590,600
868596,-350
868598,-249.5
868618,400
868644,1400
868714,-400
868716,300
868734,137.333333333
868870,-50
868882,400
868898,500
868930,600
868940,450
869092,3500
869142,-500
869194,-250
869346,3949.5
869430,2152.33333333
869454,300
869458,250
869590,393
869630,833.333333333
869660,174
869708,466.666666667
869712,300
869720,1000
869756,300
869760,800
869786,1301
869822,-200
869840,-800
869876,500
869940,1283.33333333
869952,1500
869966,800
870020,-800
870038,500
870132,1246.5
870206,258.333333333
870278,-899
870398,400
870508,2000
870558,219
870634,-500
870690,3000
870720,1500
870782,-100
870856,549.666666667
870958,-525.666666667
870962,-1200
870978,500
871054,600
871390,275
876796,445
876800,1700
876802,1100
876856,501
886942,350
891966,1650
904620,500
904648,900
914800,2800
915810,-866.666666667
916340,649.5
934478,335.5
934616,-600
934620,800
934626,-2500
954950,200
955004,600
955034,-435
955278,1700
955282,1619
955340,1300
955398,400
955414,133.333333333
955422,-800
955500,591.666666667
955646,666.666666667
955742,500
955766,1166
955796,700
955832,807.25
955836,300
955852,2795
955876,-300
955902,501
956008,-300
956032,300
956034,700
956066,500
956090,-83.3333333333
956142,888.5
956858,299
956922,400
956940,900
956996,950
957068,119.25
957108,2750
957142,920
957276,200
957314,2800
957572,851
961010,-2719
987966,-400
988000,500
993116,1172.5
993118,-2500.5
995896,1000
998052,400
1098134,1000.0
1116550,-1666.66666667
1126556,-866.666666667
1126596,400.5
1136698,-200
1136752,700
1136850,175
1136866,-1500
1162066,1875
1282754,300
1309636,400
1323064,619
1323108,-500
1323138,-678
1323322,1217.5
1323336,150
1323358,1007
1323622,700
1324246,1350
1324322,1000
1324342,-1033.33333333
1324388,678.571428571
1324446,5150
1324608,2083.33333333
1324646,2566.66666667
1324676,1176.5
1324678,-499
1324704,610.666666667
1324784,-3500
1324800,-300
1324888,300
1325168,1700
1325170,300
1325300,400
1325348,810
1325374,300
1325476,200
1325554,2166.33333333
1325852,1400
1325864,500
1325872,-750.2
1325916,125
1325968,1000
1325988,200
1326082,-200
1326112,2000
1326230,345
1326238,279
1326514,1610
1326640,25000
1326700,1100
1326820,250
1326848,750
1327046,2518.5
1327118,616
1327156,300
1327216,-650
1327290,968.5
1327304,250
1327354,190
1327360,-1000
1327364,1000
1327376,376
1327410,350
1327510,1000
1327522,4499.5
1327734,-501
1327836,3973.66666667
1327852,2300
1328034,450
1328196,713.5
1328260,500
1328274,2000
1328296,830.5
1328336,-3200
1328340,2000
1328428,500
1328464,-375.5
1328480,1000
1328482,1300
1328486,5639
1328488,-1045.83333333
1328506,819.5
1328544,500
1328588,300
1328628,875.75
1328638,-200
1328688,-500
1328780,2000
1328934,405
1328980,752.333333333
1329020,-83
1329064,100
1329088,-600
1329128,600
1329330,-15000
1329454,-400
1329488,-437
1329586,-350
1329618,800
1329702,3939800
1329740,-600
1329770,472
1329772,1601
1329918,466.666666667
1329940,150
1329960,501
1330014,714
1330420,300
1330586,600
1330688,110
1330742,-12
1330750,3667.66666667
1330806,401
1330838,-1000
1330966,300
1331056,200
1331082,-500
1331442,1100.0
1331644,-1400
1331708,-2000
1331736,840
1331766,-600
1331848,-500
1331874,369
1331974,1000
1332044,1585
1332066,453
1332094,484.5
1332186,-2575
1332314,194.5
1332538,-200
1332580,-400
1332608,3400
1332648,700
1332790,1000
1332918,1500
1333080,-200
1333426,1300
1333470,1668
1333498,-5000
1333692,-630.583333333
1333742,850
1334138,450
1334200,-2241.5
1334202,750
1334238,-1000
1334710,-200
1334902,-800
1334936,538
1334944,-100
1335538,-500
1336202,1150
1336232,-1000
1336650,1101.51515152
1336932,-500
1337266,8100
1337268,-6500
1337300,-200
1337314,-2002000
1337318,-1000
1337364,1000
1337568,-500
1337592,-221.166666667
1337600,-5000
1337656,1509
1337666,1999
1337860,133
1337872,303
1338088,701
1338280,1000
1338536,536
1338796,-2533.33333333
1338804,-157
1339390,1366.33333333
1339422,-400
1339460,2111.5
1339526,375
1339764,267
1339918,-500
1339960,566.666666667
1340760,300
1341150,-99.8
1341158,750
1341388,250
1341416,1600
1341470,-781.25
1341476,-486.4
1341676,566.666666667
1341708,250.25
1341834,400
1341976,750
1341984,-200
1342108,-840
1342208,4000
1342862,262.5
1342898,1500
1343174,500
1343364,900
1343420,-350
1343452,200
1343462,360
1343520,-1049
1343876,-969
1343904,750
1344086,700
1344246,-1000
1344298,734
1344338,760.2
1344634,775
1344798,332.666666667
1345034,1100
1345090,-300
1345226,300
1345228,375
1345266,900
1345502,950
1345594,45
1345690,-200
1345844,200
1345846,150
1345926,600
1345946,-233.666666667
1345948,350
1346042,500
1346164,5500
1346352,540
1346382,800
1346386,1
1346990,-899.5
1347012,400
1347016,-400
1347238,500
1347602,432.666666667
1347666,-300
1347700,7666.66666667
1347806,-1000
1348390,-700
1348864,1000
1348900,2500
1348954,-3700
1349100,13250
1349140,-6800
1349372,-800
1349916,-250
1349954,145
1349956,300
1349966,-125
1350228,883.333333333
1350370,491
1350580,2800
1350606,100
1350788,-150
1351274,3000
1351358,1583.33333333
1351448,3866.66666667
1351718,-1250
1351954,200
1351968,-1840
1352356,-97
1352408,1000
1352698,1000
1352704,700
1352808,-700
1352970,400
1353074,-400
1353474,-2200
1353614,550
1353916,700
1353924,200
1353936,230
1354122,200
1354124,750.5
1354126,400
1354130,33.1666666667
1354170,-1300
1354234,763
1354350,500
1354424,500
1354458,7166.66666667
1354520,750
1354528,1549
1354758,-625
1354782,250.5
1354824,700
1354942,2000
1354956,2534
1354994,300
1355004,3700
1355172,410
1355580,4002
1355590,4308.33333333
1355618,450
1355836,1200
1355998,-200.0
1356054,815
1356496,400.333333333
1356504,1000
1356522,200
1356530,82
1356580,301
1356778,300
1356800,225
1356808,160
1356882,900
1357110,195
1357142,-5650
1357166,1301
1357170,450
1357174,-500
1357186,-1000
1357192,-1000
1357196,3591
1357232,1890.5
1357250,2041.66666667
1357288,-3100
1357310,-810
1357324,1033.33333333
1357348,166.666666667
1357374,450
1357380,499
1357386,306.480519481
1357768,8914.28571429
1357876,-500
1357884,-300
1357912,-200
1357954,11833.3333333
1357992,2742.14285714
1358006,768
1358016,533.333333333
1358034,3200
1358038,910
1358052,769.285714286
1358074,300.0
1358100,1750
1358112,-1000
1358124,201
1358222,693
1358234,809.333333333
1358342,156
1358390,200
1358412,400
1358478,-1336.66666667
1358566,833.333333333
1358618,300
1358630,1700
1358640,750
1358662,500
1358674,-3893.75
1358702,1400
1358706,-300
1358750,-25.5
1358808,3525
1358854,262.5
1358872,313
1359012,550
1359022,750
1359030,1500
1359032,2750
1359040,-184
1359088,950
1360058,200
1360072,-4628.33333333
1360078,799
1360100,-8001
1360118,1080
1360226,200
1360236,792
1360250,1000
1360252,600
1360274,400
1360278,1840
1360280,400
1360306,235
1360322,-1450
1360328,500
1360330,687.5
1360340,-2001
1360346,500
1360350,500
1360364,-400
1360380,-400
1360388,-200
1360392,700
1360446,-200
1360486,-2053
1360500,750
1360502,315
1360522,1300
1360526,2500
1360544,-250
1360578,500
1360620,1599
1360638,500
1360642,603.081818182
1360676,1000
1360684,1400
1360694,445
1360696,100
1360704,-840
1360726,300
1360728,1023.5
1360730,890.5
1360770,2250
1360778,400
1360780,-1666
1360782,-133.333333333
1360788,800
1360796,720.2
1360830,633.333333333
1360838,300
1360862,218
1360866,3850
1360900,438
1360942,700
1360956,300
1360962,-375
1360966,1000
1361008,500
1361028,1499
1361074,5000
1361080,-1291.66666667
1361082,250
1361084,500
1361102,9230.66666667
1361106,-290.5
1361118,253
1361130,400
1361158,-180
1361162,550
1361164,-750
1361178,1035
1361182,500
1361190,2000
1361208,-651
1361210,-1001
1361226,1720
1361242,2000
1361254,-710
1361282,500
1361286,-217.333333333
1361296,500
1361302,-400
1361322,-3000
1361374,-200
1361378,10675
1361398,200
1361432,-250
1361446,1272.5
1361450,500
1361454,1550
1361468,2000
1361472,-500
1361474,400
1361490,2950
1361530,3000
1361536,400
1361546,3150
1361550,2400
1361564,3683.33333333
1361596,2000
1361610,700
1361612,1500
1361620,-6500
1361626,11500
1361634,-1486.57142857
1361698,1275
1361700,-1750
1361702,-403.5
1361728,-400.5
1361750,394
1361766,700
1361818,-1000
1361826,500
1361828,366.666666667
1361844,1000
1361858,-1200
1361864,-1400
1361904,-1000
1361990,5252.5
1362020,6000
1362032,851
1362046,-4500
1362062,552.166666667
1362072,3250
1362078,1000
1362082,1917.5
1362084,166.5
1362090,-150
1362094,750
1362102,-249.5
1362126,300
1362134,1300
1362146,1000
1362168,484
1362172,-1500
1362220,1500
1362224,-617
1362226,236.666666667
1362236,-150
1362240,775
1362242,300
1362254,750
1362256,300
1362262,-1133.33333333
1362266,33.3333333333
1362268,-950
1362270,100
1509596,515
1509606,932
1509614,1699
1509644,500
1509646,-13000
1509654,9264
1509660,800
1509680,221
1509732,-344
1509740,-2500
1509756,500
1509770,1650
1509782,400
1509794,300
1509800,150
1509806,200
1509808,8500
1509814,2000
1509826,800
1509844,400
1509848,-1600
1509878,2000
1509888,402
1509890,500
1509900,850
1509910,500
1509916,3000
1509922,2200
1509928,4333.33333333
1509946,2000
1509956,3030
1509964,5000
1509982,200
1509994,1000
1510034,1089
1510044,275
1510118,-2700
1510148,200
1933760,500
1958208,501
2043378,601
2043384,100
2043386,1000
2043402,1000
2043496,2000
2043500,388
2043506,400
2043508,1000
2043510,-200
2043516,233.333333333
2043534,500
2043560,1400
2043564,500
2043572,375
2043624,200
2043628,1000
2043640,450
2043654,595
2043656,7550
2043658,1000
2043698,-7000.4
2043730,400
2043732,900
2043734,775
2043748,1000
2043764,600
2043792,-100
2043810,400
2043812,-50
2043822,1000
2043846,-362.5
2043890,966.333333333
2043896,1000
2043910,487.5
2043914,807.666666667
2043926,-1000
2043940,550
2043976,1125
2043992,841.333333333
2043996,975
2044040,-750
2044058,400
2044060,-2200
2044062,-500
2044064,2000
2044080,500
2044094,3000
2044100,-1499
2044126,250.5
2044142,-1000
2044154,-300
2044158,-1000
2044166,249.5
2044172,699
2044174,1200
2044178,999
2044182,-500
2044202,489.5
2044206,2046.75
2044210,250
2044212,100
2044228,1000
2044242,1000
2044250,-570
2044338,1050
2044346,566.666666667
2044398,400
2044402,-550
2044406,-500
2044418,1446.66666667
2044442,-4500
2044448,300
2044458,100
2044460,200
2044492,1176.66666667
2044508,486
2044526,239
2044542,905
2044560,250
2044564,389.75
2044574,510
2044576,501
2044626,500
2044658,-625
2044664,200
2044666,-970.5
2044670,2000
2044676,625
2044700,217.5
2044720,1250
2044724,2123.5
2044738,-500
2044742,600
2044752,1500
2044754,6975
2044760,299
2044772,-500
2044786,-301
2044788,500
2044792,-1025
2044798,301
2044800,194
2044806,-737.5
2044812,4250.1
2044814,-600
2044816,600
2044818,600
2044834,-701
2044842,1595
2044944,1000
2044958,451
2044980,200
2044984,-801
2044986,-970
2044994,-1400
2044998,1200
2045006,2000
2045024,500
2045030,-1574
2045074,-1000
2045112,2017
2045114,500
2045124,-500
2045132,1175.83333333
2045170,-300
2045200,600
2045220,-500
2045242,589
2045266,500
2045270,1000
2045274,800
2045294,1500
2045298,500
2045302,400
2045306,156.5
2045310,1
2045358,249.5
2045362,-1250
2045370,-300
2045372,500
2046426,5000
2046442,-199
2046460,2833.33333333
2046844,1410
2046848,2500
2046996,-700
2047104,650
2047120,-289
2047196,360
2047226,1500
2047288,-2368.66666667
2047312,-1000
2047348,600
2047366,500
2047376,1825
2047404,-500
2047456,400
2047546,100.5
2047564,-4000
2047578,1695
2047608,500
2047696,400
2047700,-166.666666667
2047770,251
2047780,2156.5
2047784,625
2047804,397.5
2047862,-102
2047884,501
2047992,-3333.33333333
2048000,-1750
2048024,501
2048042,-5000
2048060,311
2048076,2000
2048082,500
2048086,1172.45454545
2048094,1000
2048114,-1250
2048128,100
2048152,-481
2048164,850
2048200,14.05
2048204,680
2048222,-1000
2048252,550
2048282,500
2048288,500
2048294,-49.5
2048296,2000
2048310,-3333.33333333
2048318,-249
2048334,-1250
2048338,700
2048340,700
2048344,700
2048354,500
2048360,1100
2048376,8171
2048386,1000
2048392,1000
2048444,500
2048448,-199
2048468,550
2048500,200
2048502,650
2048528,8000
2048536,-2000
2048554,1
2048610,900
2048616,2440
2048644,366.666666667
2048712,-300
2048716,-399
2048724,-550
2048736,500
2048748,500
2048784,200
2048840,440
2048882,150
2048886,-1034.5
2048904,-99
2048936,2000
2048962,500
2048964,150.5
2048984,2600
2048998,400
2049024,600
2049038,-700
2049040,-800
2049072,325
2049122,600
2049128,499
2049136,-252
2049190,-2500
2049340,-400
2049348,1593
2049352,400
2049404,-999
2049424,-1650
2049468,1100
2049484,1800.5
2049488,-350
2049490,700
2049496,-1500
2049504,850
2049508,500
2049528,-447.5
2049564,-500
2049574,372.5
2049676,3762.83333333
2049720,-249
2049724,1059
2049728,1500
2049732,5000
2049756,-400
2049800,1700
2049982,500
2050028,299
2050036,1000
2050064,1300
2050104,400
2050136,2000
2050214,2011
2050286,300
2050296,-1450
2050324,-18500.6666667
2050332,-500
2050348,7625
2050354,-4000
2050396,97500
2050400,-1250
2050404,1200
2050424,-100
2050444,333.333333333
2050466,1000
2050470,-100
2050472,500
2050476,1000
2050484,666.666666667
2050508,300
2050520,-500
2050554,4250
2050562,1000
2050594,300
2050596,400
2050598,-125.2
2050620,201
2050690,1500
2050704,1000
2050728,-300
2050808,-40000
2050812,-2778
2050844,-600
2050860,-333
2050870,1700
2050912,3280.5
2050930,-180
2050960,350
2050962,-331.5
2050966,151
2050970,199
2050996,200
2051018,1200
2051038,500
2051040,6000
2051068,335
2051080,-500
2051120,1207.5
2051124,214
2051136,-600
2051148,200
2051158,300
2051168,450
2052206,200
2052216,-285.5
2052220,1888
2052736,7000
2052764,300
2052784,-400
2052796,3800
2053148,4750
2158968,1000
2159008,200
2159090,1600
2159130,416.666666667
2159264,1000
2159448,200
2159618,266
2159690,910
2159694,500
2159728,2800
2161462,2000
2167728,3000
2167848,5501
2167858,3688
2167892,1165
2167894,1379
2167968,1748
2168088,500
2168248,670
2168252,1400
2168288,400
2168368,1299
2168490,1500
2168568,500
2168648,571
2168650,450
2176740,700
2176850,1010
2176970,15000
2177010,2659.25
2177056,396
2177068,300
2177538,1002
2177546,500
2177584,-250
2177730,-200
2177970,412.5
2177978,500
2178010,100
2178460,200
2178530,575
2179050,112
2179096,-500
2179104,500
2179170,1150
2179174,200
2179290,700
2179370,1325
2179650,-400
2180090,500
2180172,500
2180180,-441.166666667
2180250,-700
2180374,7850
2180570,200
2181092,1000
2181290,918.5
2181548,900
2181858,200
2182012,2000
2182170,250
2182250,5000
2182252,5000
2182254,5000
2182450,-2200.5
2182572,500
2182770,-601
2182970,2000
2183370,-405
2183410,1200
2185130,425
2185172,-1096
2185210,255
2185250,1588
2185258,600
2249530,5250
2249570,482
2354892,1001
2354930,250
2354970,-1001
2355296,1000.5
2355330,5000
2355450,1250
2355456,-3300
2355496,1000
2355656,801
2356050,1101.5
2356130,-500
2356292,-1640
2356450,-249
2356614,-15000
2356830,-1000
2357230,3800
2357276,300
2357308,-699.5
2357440,2000
2357634,310
2357710,49.8333333333
2357720,350
2358470,600
2358758,623
2358836,-500
2358970,-3000
2359010,-1000
2359012,250
2359050,700
2359290,3255
2359292,200
2359294,300
2359454,1000
2359518,4237
